{"loss": [1.6972113297330154, 1.3431050402733884, 1.1821065978032204, 1.0690872833462184, 0.9892754844273179, 0.9222440431225724, 0.8654197480425702, 0.8195538597013736, 0.7803277479498404, 0.7407276859194832, 0.7076979736913591, 0.6799673588468417, 0.6558876910564113, 0.6345610791141121, 0.6092927440814734, 0.5889685582805237, 0.570934902758447, 0.551667917150979, 0.5333226732253188, 0.5180972997327142, 0.5081386339087701, 0.4921753155195877, 0.48374785895876227, 0.4702459527815202, 0.4621945708436257, 0.4463145309764962, 0.43646909687065305, 0.4288521423644647, 0.41868278197048947, 0.4086404771176106, 0.3973268558202894, 0.3913869772229352, 0.384688401928375, 0.3747459639201597, 0.36886635405518464, 0.35652254892346646, 0.35243851520319236, 0.3433313972242976, 0.33567413725901857, 0.33021796778565377, 0.32394344316427237, 0.3142928900731294, 0.3130012102203085, 0.30937783104970035, 0.3033385529758475, 0.29496672411963404, 0.2914341136774968, 0.2850509224097265, 0.2781164117756657, 0.2730770926326943, 0.2669616109169053, 0.2631393932343217, 0.2622248521268616, 0.2549683998044352, 0.2523795616732733, 0.24793537508711835, 0.2421477476337215, 0.23817527754001322, 0.2375133086935292, 0.2328907482180409, 0.22618601063683566, 0.227287327136053, 0.22245793263715874, 0.2204513117021683, 0.21767310412628688, 0.21492432934452577, 0.21243463317215805, 0.2116958935175405, 0.20668943436653406, 0.20802015450970174], "accuracy": [0.3685, 0.511, 0.5761, 0.6172, 0.651, 0.6765, 0.6944, 0.7138, 0.7279, 0.7416, 0.7547, 0.7649, 0.7752, 0.7821, 0.7884, 0.7982, 0.8035, 0.8117, 0.8181, 0.823, 0.8252, 0.8298, 0.8353, 0.8401, 0.8413, 0.8476, 0.8496, 0.8511, 0.8567, 0.861, 0.8653, 0.8669, 0.8684, 0.8721, 0.8745, 0.8778, 0.8814, 0.8829, 0.8856, 0.8879, 0.8893, 0.8927, 0.8912, 0.8939, 0.8961, 0.8993, 0.9004, 0.9026, 0.906, 0.907, 0.9082, 0.9105, 0.91, 0.913, 0.9135, 0.9152, 0.9174, 0.9196, 0.9188, 0.9209, 0.9224, 0.9244, 0.9252, 0.9264, 0.9272, 0.9278, 0.9285, 0.9284, 0.9312, 0.9318], "val_loss": [1.440171231842041, 1.1816536697387696, 1.2318613609313964, 0.9924281049728394, 0.9133765636444092, 1.0286550987243652, 0.9902437749862671, 0.8043352308273315, 0.8380403972625733, 0.8369788906097412, 0.7167883766174317, 0.7820319011688233, 0.7154037025928497, 0.7477661493301392, 0.6857287010192871, 0.8803743927001954, 0.6440058674812317, 0.618583948135376, 0.7400839044570923, 0.6525088606834412, 0.5560085981369018, 0.5547368455410003, 0.5642396748065949, 0.6133920508861542, 0.6477674130439758, 0.6284121150016785, 0.5778451934814454, 0.5791236859798431, 0.5114605719566345, 0.49118371613025663, 0.5379103618621827, 0.4967204016685486, 0.7021003571510315, 0.5318391660690308, 0.48227203354835513, 0.48543508949279784, 0.5015446542263031, 0.5192242328643799, 0.5615963631629944, 0.5715370291233063, 0.5091111362457276, 0.4460233353614807, 0.45499372291564943, 0.5130124970436096, 0.48990648231506345, 0.47163562865257264, 0.4859258162975311, 0.4598244535446167, 0.5039606896400451, 0.4833291932106018, 0.4566025098204613, 0.4418021141529083, 0.4930632650375366, 0.43161689953804017, 0.47981971900463105, 0.4568508240699768, 0.48117641563415525, 0.4534196888446808, 0.44318672025203704, 0.4317364751815796, 0.44038207025527953, 0.4675598305940628, 0.4469663457632065, 0.4324110426902771, 0.4408960548877716, 0.4326980118751526, 0.43980307650566103, 0.4241966100215912, 0.4197862283229828, 0.42302321071624754], "val_accuracy": [0.4905, 0.5843, 0.5716, 0.6464, 0.6776, 0.6451, 0.6611, 0.7237, 0.7076, 0.7113, 0.751, 0.7398, 0.7498, 0.7501, 0.7675, 0.7165, 0.7772, 0.7892, 0.7523, 0.785, 0.8129, 0.8131, 0.8083, 0.7992, 0.7898, 0.7957, 0.8089, 0.812, 0.8265, 0.8315, 0.8253, 0.836, 0.7857, 0.8238, 0.8408, 0.8405, 0.8353, 0.8325, 0.8215, 0.8156, 0.8317, 0.8508, 0.8513, 0.8339, 0.84, 0.8474, 0.8434, 0.8485, 0.8429, 0.8471, 0.8542, 0.8562, 0.8402, 0.8588, 0.8479, 0.853, 0.8481, 0.8523, 0.8552, 0.8609, 0.8587, 0.8513, 0.8557, 0.86, 0.8575, 0.861, 0.8602, 0.8626, 0.865, 0.8634]}