{"loss": [5.5073050584426815, 4.488018705886871, 4.134361468861269, 3.937910316084187, 3.8005613285628654, 3.6770593436284753, 3.5814977078182464, 3.500256917332865, 3.431676475926664, 3.3777576728003704, 3.326281886914302, 3.2902175558141447, 3.2478849784353625, 3.2127559276221804, 3.1852099344497513, 3.1552475369542843, 3.143477885329921, 3.1156114805764816, 3.096807762431708, 3.0774479251679017, 3.0651109550712246, 3.0541249869705793, 3.0370893646359676, 3.0213409989059574, 3.0113530271398155, 2.9982958881695105, 2.997639624382376, 2.984324428030359, 2.979992862062466, 2.964168385495666, 2.9620401208202645, 2.9520329844588975, 2.9427231301872823, 2.9425961766415187, 2.932540568735353, 2.9230233888527692, 2.9192446249911126, 2.913310032174206, 2.9058528054208015, 2.579875309979424, 2.461318875797023, 2.392658566223983, 2.348562860590689, 2.3086046016294746, 2.277006884546726, 2.2486776000472326, 2.221480144425402, 2.194482261314657, 2.1652235808777145, 2.151031513376139, 2.12853602465097, 2.108268505418625, 2.09140281566117, 2.075212204950472, 2.0584103734525914, 2.0426100271915844, 2.0205706131244083, 2.013199405480568, 1.997544508072813, 1.9804108434248555, 1.9680002560778416, 1.9565854357392143, 1.947119523379922,1.8862210154363814, 1.8724184529549328, 1.8680408247381188, 1.8635142362111405, 1.8550132684193563, 1.8510790442130973, 1.8489488933014713, 1.8518721234054036, 1.8486129919249612, 1.8410632228579857, 1.8381734552957731, 1.8397086039702466], "accuracy": [0.0552, 0.1216, 0.1729, 0.209, 0.2359, 0.2625, 0.2807, 0.3011, 0.3138, 0.3288, 0.3415, 0.3485, 0.3599, 0.3697, 0.3752, 0.3852, 0.3892, 0.3936, 0.4008, 0.4041, 0.4069, 0.4117, 0.4167, 0.4222, 0.4252, 0.4275, 0.4288, 0.4312, 0.435, 0.4381, 0.4389, 0.4421, 0.4445, 0.4453, 0.4483, 0.449, 0.4519, 0.4534, 0.4551, 0.5246, 0.5467, 0.5563, 0.5623, 0.5693, 0.5756, 0.5789, 0.584, 0.5859, 0.5899, 0.5918, 0.5943, 0.5997, 0.5985, 0.603, 0.6032, 0.6069, 0.6085, 0.6101, 0.6134, 0.6154, 0.6175, 0.6196, 0.6187, 0.6349, 0.6376, 0.6375, 0.6384, 0.6397, 0.6416, 0.6422, 0.6419, 0.6418, 0.643, 0.6453, 0.6442], "val_loss": [4.888937870661418, 4.3381361457017755, 4.179339624368227, 4.160156946915847, 4.159181533715664, 3.89023839816069, 4.341458993080335, 4.1479155375407295, 3.887218102430686, 3.7174983574793887, 4.257701714833577, 3.80349639745859, 3.726632827367538, 4.062739616785294, 3.7653994728357363, 3.630451202392578, 3.5361906534586196, 3.5681551098823547, 3.4724105963340173, 3.759328157473833, 3.754899648519663, 3.6255057698641067, 3.6592482053316555, 3.7881665917543264, 3.426959882944058, 3.8413818325751867, 3.627441990069854, 3.8315115800270667, 4.065810148532574, 3.578176898834033, 3.3513939548761416, 3.7959191845013547, 3.4465147042885804, 3.6442115016472645, 3.6524525238917422, 3.8068633324060683, 3.693979012660491, 3.842098456162673, 3.8158484177711682, 3.0247153410544763, 3.0582378766475578, 3.0066399452013846, 2.9510611494382224, 3.0210673732635303, 3.0101336867381363, 3.0000761181880264, 2.9800391044372168, 2.9403777504578614, 2.9202338457107544, 2.9170634624285574, 2.9399812038128195, 2.884570899682167, 2.912991296022366, 2.8921592098016005, 2.9423507039363566, 2.9768729240466385, 2.9577458699544272, 2.944730913027739, 2.9256762862205505, 2.9478369309351993, 2.9537641620024657, 2.976656464430002, 2.9116841080861215, 2.9169475741875477, 2.8957606783280005, 2.8934033589485364, 2.8890173190679307, 2.8907585052343516, 2.893652949577723, 2.8958661067180143, 2.8904164876693335, 2.8936027731650915, 2.8954497224245315, 2.9033985351904845, 2.904966722696255], "val_accuracy": [0.0873, 0.1376, 0.1713, 0.1829, 0.1996, 0.2305, 0.1859, 0.2189, 0.2464, 0.2743, 0.2193, 0.2751, 0.2707, 0.2451, 0.28, 0.3021, 0.323, 0.3221, 0.3339, 0.2963, 0.2916, 0.3146, 0.3181, 0.2942, 0.3457, 0.3026, 0.3345, 0.3157, 0.2793, 0.3408, 0.3704, 0.313, 0.3586, 0.3287, 0.3252, 0.313, 0.3371, 0.3149, 0.31, 0.4479, 0.4436, 0.4503, 0.4552, 0.4407, 0.4455, 0.4493, 0.4493, 0.4551, 0.4617, 0.4568, 0.4545, 0.463, 0.4556, 0.4655, 0.4512, 0.4445, 0.4521, 0.4538, 0.4577, 0.4474, 0.4482, 0.4474, 0.4527, 0.4539, 0.4579, 0.4589, 0.4596, 0.4592, 0.4595, 0.4569, 0.4585, 0.4567, 0.4578, 0.4572, 0.4554]}

