{"loss": [2.190380471005897, 1.643689413540326, 1.35382860996496, 1.1716665262054624, 1.0646161243324292, 0.9834445948244327, 0.9280854117843559, 0.8692242593041666, 0.8355101039671997, 0.8024378092884826, 0.7714352721505567, 0.7442840545614217, 0.7213280680166593, 0.7156182285834476, 0.6862461120607305, 0.6762266967554371, 0.6622714330494538, 0.6481702359089073, 0.6369001515446315, 0.6239396779629753, 0.6129243217258068, 0.606294192925913, 0.6033918817799788, 0.5955266220794491, 0.5816033380437746, 0.5788811268353639, 0.5722404411770726, 0.5646325333171217, 0.5539987930453738, 0.5518041578266993, 0.5473624246411879, 0.5332868921477557, 0.5357661427386801, 0.5218256167065918, 0.517979188190273, 0.5134878430490429, 0.511478628892718, 0.5036306017994843, 0.49552896323401385, 0.4996334771850685, 0.49167214015144395, 0.480380246644606, 0.48027488967911114, 0.4754278959947249, 0.47087240567144617, 0.4586932808017364, 0.4546829341580021, 0.45014682732448386, 0.4468097792610282, 0.43860112437079035, 0.43753788221291634, 0.42752988628366645, 0.42742029254085406, 0.4251634956630025, 0.4201113236210535, 0.4086186752263498, 0.4064143085980744, 0.3968642007512927, 0.3934851392534707, 0.39251423562838933, 0.3764608601155402, 0.3753407226948926, 0.3681075704051854, 0.3696378220301773, 0.35503451010337195, 0.35178053166799755, 0.3488337104428377, 0.34147247913979856, 0.3363871234787325, 0.32712400900388244, 0.3225882846287209, 0.3162913690555696, 0.3099705694308448, 0.30237524022572615, 0.29977142522550754, 0.28724108498219614, 0.27916172668839784, 0.2722442943027932, 0.2667979294094169, 0.261251050093291, 0.2517328309226885, 0.24801125005724187, 0.2360735629895271, 0.2345175180855492, 0.22251162967469243, 0.21724210869321312, 0.21324034220215446, 0.20325561260274483, 0.19713418689587195, 0.18980336612353998, 0.18634249902915068, 0.18109076673073535, 0.17679731482816194, 0.172294735483034, 0.1691430723692004, 0.16705888680896203, 0.16549857348480934, 0.16281932250100295, 0.1616758702273242, 0.16072182791390632], "accuracy": [0.4121, 0.5933, 0.6866, 0.7392, 0.7672, 0.7929, 0.8055, 0.8202, 0.8305, 0.8353, 0.8456, 0.8517, 0.8569, 0.8564, 0.868, 0.8687, 0.8714, 0.876, 0.8789, 0.8816, 0.8862, 0.8881, 0.8871, 0.8894, 0.8943, 0.8935, 0.8954, 0.8997, 0.9005, 0.9022, 0.9052, 0.9081, 0.9072, 0.9116, 0.914, 0.9144, 0.9132, 0.9168, 0.9196, 0.9171, 0.9199, 0.9241, 0.923, 0.9242, 0.9254, 0.9296, 0.9305, 0.9321, 0.9332, 0.9331, 0.9351, 0.9381, 0.937, 0.9371, 0.9395, 0.9426, 0.9428, 0.9451, 0.9451, 0.947, 0.9513, 0.9515, 0.9527, 0.9525, 0.9564, 0.9559, 0.9563, 0.9591, 0.9595, 0.9618, 0.9627, 0.9651, 0.9667, 0.9687, 0.9686, 0.9721, 0.9736, 0.975, 0.9762, 0.9778, 0.9797, 0.9806, 0.984, 0.9834, 0.9868, 0.9874, 0.9885, 0.991, 0.9924, 0.9941, 0.9945, 0.9958, 0.9966, 0.9972, 0.9979, 0.9981, 0.9982, 0.9989, 0.9989, 0.9992], "val_loss": [2.163050927734375, 1.6547516311645507, 1.5536109525680541, 1.2205089288711548, 1.16042653465271, 1.0619258340835571, 1.0297192136764526, 0.8998099019050598, 0.864086768245697, 0.8973206047058105, 0.8474227138519287, 0.8969459016799927, 0.8615300396919251, 0.8458070055961608, 0.7806235503196717, 0.7779311464309693, 0.8587195074081421, 0.8675480822563172, 0.7672683084487915, 0.7055651990890502, 0.7767479612350464, 0.7914040912628174, 0.7016151960372925, 0.7599671091079712, 0.7963939448356628, 0.7063725630760193, 0.675345869064331, 0.7715730978488922, 0.726076363658905, 0.687978905582428, 0.6933818196296692, 0.6780274374008178, 0.7346186177253723, 0.6901453202247619, 0.6214571991920471, 0.6421226825714111, 0.6634778868675232, 0.6553122273445129, 0.6521787024497986, 0.6623995743751526, 0.6335289199352264, 0.6437161054611206, 0.6246973335266113, 0.6035751909255982, 0.5984911861419677, 0.5988404473304748, 0.6834497980117797, 0.6029620617866516, 0.6233966720581054, 0.598936181640625, 0.5641409703731537, 0.6358688872337341, 0.7049866151809693, 0.606655214881897, 0.6311740531921387, 0.6537256344795227, 0.612859873008728, 0.6074550393104553, 0.5447064461708069, 0.5545294345855712, 0.5731311199188233, 0.5971787996292114, 0.5798073478698731, 0.5728719360351563, 0.6141692797660827, 0.5561775012969971, 0.5548335474967957, 0.5302182619094848, 0.5770149724960327, 0.5362931002616882, 0.580141968536377, 0.5557729907035828, 0.5379246605873108, 0.5107531289100647, 0.5325431226730347, 0.519035205078125, 0.5441623221874237, 0.5821137631416321, 0.5303748211860657, 0.5111306208610534, 0.520872700881958, 0.5240518595695496, 0.5036224055290223, 0.4946786745071411, 0.47828554859161376, 0.5201859693050385, 0.47834615507125855, 0.48046013460159304, 0.48946504497528076, 0.47625466051101684, 0.4761420586585999, 0.4461938694000244, 0.4597684971809387, 0.4439423219680786, 0.435591383266449, 0.4448610469818115, 0.4427371891975403, 0.43313221559524534, 0.42903083543777465, 0.4285658919334412], "val_accuracy": [0.4579, 0.5995, 0.6284, 0.7249, 0.7395, 0.7687, 0.7737, 0.814, 0.8149, 0.8116, 0.8259, 0.8019, 0.8213, 0.8166, 0.8388, 0.834, 0.8177, 0.806, 0.8343, 0.8538, 0.8374, 0.8339, 0.8618, 0.8455, 0.8273, 0.8566, 0.867, 0.8344, 0.8514, 0.8646, 0.8562, 0.8674, 0.8509, 0.858, 0.8814, 0.88, 0.8693, 0.8733, 0.8749, 0.869, 0.8741, 0.8758, 0.8802, 0.8882, 0.8875, 0.8845, 0.868, 0.8867, 0.8799, 0.8872, 0.8971, 0.8775, 0.8631, 0.8809, 0.8807, 0.8763, 0.8838, 0.8852, 0.8983, 0.897, 0.8952, 0.8928, 0.8948, 0.8934, 0.883, 0.8996, 0.8976, 0.9052, 0.8962, 0.9, 0.8952, 0.9003, 0.9028, 0.9083, 0.9035, 0.9096, 0.9032, 0.8962, 0.9095, 0.9132, 0.9107, 0.9104, 0.9123, 0.9162, 0.9171, 0.9125, 0.9208, 0.9178, 0.9173, 0.9229, 0.9221, 0.9287, 0.925, 0.925, 0.9297, 0.9277, 0.9293, 0.9315, 0.9306, 0.9297]}