{"loss": [5.244344085921265, 4.5590495538126214, 4.273588394529136, 4.104499419629203, 3.99571648320149, 3.910299154686092, 3.8592807833059597, 3.8161923747918634, 3.775905300599149, 3.7457591013814224, 3.7196270678947245, 3.6924881289552864, 3.6776948414585213, 3.6479101913973353, 3.627227049029991, 3.6035430048776464, 3.5779004168667377, 3.556719897841457, 3.537784089187014, 3.5178197092315178, 3.4986072521874796, 3.471388128426889, 3.4572893197670926, 3.4412950073096957, 3.418428845898449, 3.3999119878896846, 3.3822275326570526, 3.3557980727351997, 3.3464050210682315, 3.3231269442893034, 3.303948960680063, 3.2814287369498536, 3.262779443422218, 3.23672304474105, 3.2230185917784917, 3.1981966932819654, 3.1793523302198707, 3.158112653844447, 3.129052758068403, 3.105241826538767, 3.091060954551853, 3.0670363834756396, 3.036240431787789, 3.0109619380443298, 2.981947654507971, 2.960955476192494, 2.9405780394631673, 2.8994038026541964, 2.8715076391816967, 2.841127449794716, 2.809727866885883, 2.7805167429601143, 2.736893301819423, 2.7073038553262685, 2.6699012370110404, 2.6281718317458393, 2.5954749764040512, 2.5472633071777935, 2.4994380112072685, 2.4548010738734525, 2.411643618303905, 2.3565954184366746, 2.3060659218292563, 2.248720128899727, 2.1852071157576582, 2.123941250785647, 2.0604722062329595, 1.9845107938657556, 1.9072486962357613, 1.832695941466111, 1.7486897192801303, 1.6673424796073213, 1.586981987087906, 1.511284321064076, 1.4430216958229705], "accuracy": [0.0586, 0.1275, 0.1708, 0.2003, 0.2262, 0.2477, 0.2621, 0.2766, 0.2897, 0.2998, 0.3105, 0.3194, 0.3271, 0.3366, 0.3433, 0.3509, 0.3586, 0.3683, 0.374, 0.3796, 0.3871, 0.3925, 0.3969, 0.4042, 0.4078, 0.415, 0.42, 0.4255, 0.4302, 0.435, 0.4404, 0.443, 0.4503, 0.4545, 0.4573, 0.4642, 0.4683, 0.4727, 0.4796, 0.4844, 0.4872, 0.4934, 0.4994, 0.5034, 0.5077, 0.5137, 0.5169, 0.5245, 0.5317, 0.5346, 0.541, 0.547, 0.5544, 0.5619, 0.5667, 0.5753, 0.5804, 0.5905, 0.6, 0.6088, 0.6158, 0.6263, 0.636, 0.647, 0.6579, 0.6722, 0.6816, 0.6988, 0.7148, 0.7303, 0.7489, 0.7663, 0.7842, 0.8039, 0.8215], "val_loss": [4.912150875116006, 4.63700976738563, 4.7626683925971, 4.598458449045817, 4.822370810386462, 4.8368201072399435, 4.932555437088013, 5.453653946900979, 4.732850589813331, 4.44915986366761, 4.598298613841717, 5.019170094759036, 4.320838613387866, 4.4866216870454645, 4.219820931935922, 4.2789879242579145, 4.100635409355164, 4.248573266542875, 4.372780793752426, 4.184981064918714, 4.138610291175353, 4.21317398089629, 3.955016932426355, 4.2025910554788055, 4.038881057348007, 3.8813901467201037, 4.1612185927537775, 4.2784147048607855, 4.0287478887117825, 4.172275743423364, 4.246451056920565, 4.394846965105105, 4.286987689825205, 4.0295481116343765, 4.362398208715977, 4.445087584165426, 4.247585450991606, 4.194431856656686, 4.375242713170174, 4.0132236037498865, 4.406836199454772, 3.956516056488722, 4.3126679964554615, 3.920332303413978, 4.15151202525848, 4.219351967175801, 3.7067826206867514, 4.108116730665549, 4.1952741497602215, 4.1667307920945, 3.7326003374197545, 3.9412358632454505, 4.44150738685559, 3.980133680196909, 3.8403044312428207, 3.8342733474878163, 4.282012927226531, 4.059404530586341, 3.8702843953401613, 3.854640786464398, 3.765686551729838, 3.7489467645302796, 3.7688574408873534, 3.6766548584669065, 3.481629570325216, 3.5930705895790687, 3.5647141383244443, 3.57774964815531, 3.639770223544194, 3.6164733950908365, 3.494149917211288, 3.5522507841770468, 3.559095937472123, 3.4160419075916977, 3.3693244075163817], "val_accuracy": [0.0867, 0.1241, 0.1365, 0.1705, 0.1625, 0.1753, 0.1847, 0.1432, 0.1893, 0.2283, 0.2094, 0.188, 0.2509, 0.2426, 0.2608, 0.2611, 0.2961, 0.2698, 0.2611, 0.283, 0.291, 0.2834, 0.326, 0.2974, 0.3148, 0.3444, 0.3098, 0.3018, 0.3308, 0.3157, 0.3114, 0.2993, 0.3136, 0.3504, 0.3161, 0.33, 0.3372, 0.3244, 0.3347, 0.3656, 0.3277, 0.3786, 0.3246, 0.3841, 0.3618, 0.3639, 0.4131, 0.3715, 0.3739, 0.3647, 0.4121, 0.396, 0.3285, 0.3835, 0.4016, 0.4059, 0.3643, 0.3756, 0.4044, 0.4103, 0.4181, 0.4213, 0.421, 0.4295, 0.4625, 0.4435, 0.4477, 0.4506, 0.4474, 0.4446, 0.4631, 0.4588, 0.4663, 0.4833, 0.4913]}