{"R": 122.46798762478299, "G": 114.2399103000217, "B": 101.34937106933593}