{"R": 125.04947250289916, "G": 115.99657769851684, "B": 106.1266950012207}